7297	./modrinth.index.json
186068	./overrides/mods/CTM-MC1.16.1-1.1.2.6.jar
14746751	./overrides/mods/DynamicSurroundings-1.16.5-4.0.5.0.jar
37979285	./overrides/mods/Modernxl 1.16.5.jar
84843793	./overrides/mods/Pizzaland_v68.jar
922991	./overrides/mods/TRansliterationLib-1.0.4.jar
928692	./overrides/mods/additional-guns-0.7.1-1.16.5.jar
2033912	./overrides/mods/cfm-7.0.0pre22-1.16.3.jar
1607217	./overrides/mods/cgm-1.2.6-1.16.5.jar
15258	./overrides/mods/lazydfu-0.1.3.jar
10739	./overrides/mods/lightfallclient-1.0.0.jar
3691924	./overrides/mods/modernlife-1.16.5-1.15.jar
308348	./overrides/mods/notenoughanimations-1.2.4.jar
142536	./overrides/mods/obfuscate-0.6.3-1.16.5.jar
328828	./overrides/mods/pamhc2foodcore-1.16.3-1.0.2.jar
6655083	./overrides/mods/vehicle-mod-0.45.2-1.16.5 (1).jar
